Product,Price,Link
Radiador Climatizador Peugeot 407 2.0 Hdi,$586.236,https://articulo.mercadolibre.com.ar/MLA-1457135287-radiador-climatizador-peugeot-407-20-hdi
Faro Trasero Derecho Peugeot 407 2.0 Hdi,$699.158,https://articulo.mercadolibre.com.ar/MLA-1457160361-faro-trasero-derecho-peugeot-407-20-hdi
Correa De Distribucion Citroen C4 Coupe / Lounge 2.0 Nafta,$281.361,https://articulo.mercadolibre.com.ar/MLA-1457160565-correa-de-distribucion-citroen-c4-coupe-lounge-20-nafta
Radiador Climatizador Peugeot 407 2.0 Hdi,$568.471,https://articulo.mercadolibre.com.ar/MLA-1457173453-radiador-climatizador-peugeot-407-20-hdi
Motor Levantavidrio Delantero Izquierdo Peugeot 308 Coupé,$811.347,https://articulo.mercadolibre.com.ar/MLA-1457212541-motor-levantavidrio-delantero-izquierdo-peugeot-308-coupe
Correa De Distribucion Citroen C4 Coupe / Lounge 2.0 Nafta,$260.899,https://articulo.mercadolibre.com.ar/MLA-1943793836-correa-de-distribucion-citroen-c4-coupe-lounge-20-nafta
Correa De Distribucion Citroen C4 Coupe / Lounge 2.0 Nafta,$272.835,https://articulo.mercadolibre.com.ar/MLA-1943794530-correa-de-distribucion-citroen-c4-coupe-lounge-20-nafta
Motor Levantavidrio Delantero Izquierdo Peugeot 308 Coupé,$775.850,https://articulo.mercadolibre.com.ar/MLA-1943799824-motor-levantavidrio-delantero-izquierdo-peugeot-308-coupe
Radiador Climatizador Peugeot 407 2.0 Hdi,$543.600,https://articulo.mercadolibre.com.ar/MLA-1943799916-radiador-climatizador-peugeot-407-20-hdi
Faro Trasero Derecho Peugeot 407 2.0 Hdi,$668.570,https://articulo.mercadolibre.com.ar/MLA-1943800004-faro-trasero-derecho-peugeot-407-20-hdi
Motor Levantavidrio Delantero Izquierdo Peugeot 308 Coupé,$836.701,https://articulo.mercadolibre.com.ar/MLA-1943838598-motor-levantavidrio-delantero-izquierdo-peugeot-308-coupe
